100,NEM12,200506081149,UNITEDDP,NEMMCO
200,6001234567,E1,1,E1,N1,METSER123,KWH,30,
300,20250101,0.1424,0.1267,0.1304,0.1208,0.1173,0.1220,0.1254,0.1138,0.1262,0.1250,0.1438,0.1552,0.2448,0.2636,0.3860,0.3917,0.3076,0.3205,0.1878,0.1711,0.1637,0.1653,0.1587,0.1703,0.1709,0.1880,0.1643,0.1826,0.2519,0.2252,0.2494,0.2710,0.3164,0.3341,0.8450,0.8897,0.9133,0.9949,1.0620,1.0196,0.8466,0.9315,0.5414,0.4904,0.3267,0.3268,0.1942,0.2185,A,,,20250101120000,
300,20250102,0.1310,0.1366,0.1296,0.1202,0.1147,0.1231,0.1222,0.1157,0.1255,0.1243,0.1439,0.1535,0.2377,0.2679,0.3880,0.3852,0.3183,0.3062,0.1734,0.1834,0.1547,0.1724,0.1658,0.1613,0.1747,0.1821,0.1667,0.1783,0.2309,0.2434,0.2615,0.2560,0.3079,0.3389,0.8149,0.9098,0.9780,0.9193,1.0357,1.0340,0.8367,0.9312,0.5167,0.5092,0.3088,0.3410,0.2154,0.1950,A,,,20250101120000,
300,20250103,0.1275,0.1137,0.1076,0.1174,0.1048,0.1095,0.1123,0.1020,0.1066,0.1184,0.1321,0.1358,0.2408,0.2147,0.3588,0.3377,0.2788,0.2838,0.1629,0.1586,0.1507,0.1440,0.1538,0.1409,0.1646,0.1569,0.1470,0.1638,0.2023,0.2250,0.2200,0.2462,0.2962,0.2865,0.8028,0.7511,0.8160,0.8933,0.8815,0.9832,0.8188,0.7740,0.4700,0.4543,0.2838,0.3015,0.1872,0.1825,A,,,20250101120000,
300,20250104,0.1331,0.1308,0.1244,0.1184,0.1135,0.1135,0.1071,0.1146,0.1129,0.1246,0.1324,0.1316,0.1651,0.1781,0.2380,0.2634,0.3458,0.3140,0.2879,0.3192,0.2922,0.2885,0.2762,0.2781,0.2978,0.2828,0.2848,0.2695,0.3809,0.3846,0.3789,0.3866,0.4401,0.4018,0.7559,0.7367,0.8943,0.8279,0.8953,0.9035,0.7440,0.8251,0.4932,0.4478,0.3141,0.3233,0.2175,0.2075,A,,,20250101120000,
300,20250105,0.1415,0.1292,0.1259,0.1231,0.1173,0.1155,0.1115,0.1159,0.1233,0.1203,0.1375,0.1332,0.1717,0.1801,0.2417,0.2725,0.3392,0.3374,0.3025,0.3199,0.3037,0.2917,0.2944,0.2739,0.2882,0.3072,0.2888,0.2795,0.3783,0.4065,0.3952,0.3896,0.4106,0.4527,0.7889,0.7415,0.8401,0.9257,0.9326,0.9117,0.8078,0.8011,0.4795,0.4853,0.3261,0.3275,0.2109,0.2248,A,,,20250101120000,
300,20250106,0.1422,0.1420,0.1352,0.1300,0.1190,0.1336,0.1263,0.1263,0.1291,0.1361,0.1617,0.1541,0.2630,0.2738,0.4110,0.4100,0.3302,0.3328,0.1783,0.2007,0.1710,0.1763,0.1742,0.1732,0.1964,0.1825,0.1778,0.1885,0.2490,0.2546,0.2686,0.2808,0.3340,0.3527,0.9055,0.9259,1.0480,0.9666,1.1036,1.0941,0.9117,0.9654,0.5250,0.5643,0.3580,0.3319,0.2239,0.2118,A,,,20250101120000,
300,20250107,0.1319,0.1216,0.1251,0.1115,0.1064,0.1189,0.1161,0.1092,0.1156,0.1210,0.1390,0.1427,0.2337,0.2452,0.3747,0.3577,0.2819,0.3097,0.1696,0.1685,0.1596,0.1503,0.1599,0.1499,0.1589,0.1791,0.1566,0.1702,0.2257,0.2236,0.2369,0.2532,0.3086,0.3040,0.8063,0.8276,0.8626,0.9347,0.9641,0.9965,0.8799,0.7947,0.4716,0.5002,0.3256,0.2899,0.2038,0.1850,A,,,20250101120000,
300,20250108,0.1282,0.1382,0.1240,0.1246,0.1250,0.1118,0.1130,0.1239,0.1288,0.1199,0.1462,0.1498,0.2483,0.2549,0.3714,0.3983,0.2999,0.3218,0.1718,0.1834,0.1548,0.1708,0.1537,0.1720,0.1842,0.1711,0.1748,0.1687,0.2388,0.2334,0.2613,0.2538,0.3324,0.3115,0.8849,0.8322,0.9582,0.9306,1.0682,0.9923,0.8854,0.8746,0.5049,0.5164,0.3054,0.3415,0.2036,0.2050,A,,,20250101120000,
300,20250109,0.1301,0.1464,0.1363,0.1218,0.1186,0.1272,0.1241,0.1217,0.1279,0.1302,0.1499,0.1574,0.2622,0.2601,0.3966,0.4023,0.3357,0.3096,0.1815,0.1872,0.1763,0.1617,0.1789,0.1591,0.1753,0.1935,0.1769,0.1795,0.2571,0.2330,0.2562,0.2785,0.3472,0.3211,0.9273,0.8549,0.9504,1.0099,1.0454,1.0932,0.8602,0.9665,0.5086,0.5514,0.3355,0.3359,0.2000,0.2240,A,,,20250101120000,
300,20250110,0.1392,0.1374,0.1339,0.1243,0.1254,0.1204,0.1174,0.1285,0.1252,0.1330,0.1493,0.1580,0.2686,0.2538,0.4170,0.3820,0.3370,0.3083,0.1766,0.1922,0.1725,0.1655,0.1667,0.1713,0.1885,0.1802,0.1745,0.1820,0.2422,0.2480,0.2795,0.2552,0.3331,0.3352,0.8451,0.9372,0.9379,1.0227,1.0138,1.1250,0.8651,0.9618,0.5371,0.5231,0.3311,0.3404,0.2124,0.2117,A,,,20250101120000,
300,20250111,0.1464,0.1299,0.1340,0.1202,0.1222,0.1154,0.1121,0.1200,0.1218,0.1268,0.1463,0.1300,0.1821,0.1770,0.2776,0.2474,0.3473,0.3435,0.3098,0.3257,0.3088,0.2991,0.2947,0.2856,0.3152,0.2926,0.2958,0.2844,0.4009,0.4003,0.4032,0.3981,0.4536,0.4278,0.7386,0.8239,0.9294,0.8735,0.8927,0.9902,0.8306,0.8120,0.5045,0.4805,0.3338,0.3334,0.2242,0.2207,A,,,20250101120000,
300,20250112,0.1512,0.1538,0.1398,0.1408,0.1364,0.1259,0.1350,0.1212,0.1370,0.1375,0.1472,0.1577,0.1991,0.1973,0.2985,0.2810,0.3812,0.3812,0.3467,0.3548,0.3547,0.3162,0.3093,0.3311,0.3311,0.3398,0.3159,0.3245,0.4551,0.4293,0.4494,0.4350,0.4768,0.4961,0.8267,0.8979,0.9835,1.0064,1.0514,1.0269,0.9134,0.8996,0.5672,0.5200,0.3545,0.3820,0.2438,0.2472,A,,,20250101120000,
300,20250113,0.1182,0.1304,0.1159,0.1161,0.1082,0.1127,0.1123,0.1087,0.1112,0.1208,0.1312,0.1450,0.2300,0.2395,0.3788,0.3393,0.2861,0.2939,0.1714,0.1600,0.1463,0.1575,0.1556,0.1482,0.1735,0.1579,0.1653,0.1551,0.2256,0.2149,0.2440,0.2366,0.2951,0.3056,0.8002,0.8018,0.8538,0.9083,0.9970,0.9253,0.8352,0.8067,0.4734,0.4795,0.3144,0.2890,0.2014,0.1797,A,,,20250101120000,
300,20250114,0.1135,0.1273,0.1111,0.1136,0.1021,0.1120,0.1025,0.1115,0.1190,0.1058,0.1272,0.1404,0.2219,0.2329,0.3506,0.3450,0.2725,0.2894,0.1637,0.1574,0.1518,0.1426,0.1460,0.1483,0.1567,0.1643,0.1605,0.1498,0.2032,0.2236,0.2252,0.2404,0.2795,0.3025,0.8011,0.7508,0.8218,0.8853,0.9456,0.9167,0.8268,0.7639,0.4723,0.4509,0.2883,0.2963,0.1744,0.1948,A,,,20250101120000,
300,20250115,0.1242,0.1198,0.1180,0.1098,0.1053,0.1117,0.1031,0.1138,0.1073,0.1204,0.1306,0.1406,0.2168,0.2442,0.3346,0.3704,0.2938,0.2757,0.1710,0.1544,0.1513,0.1470,0.1508,0.1475,0.1671,0.1583,0.1514,0.1632,0.2242,0.2083,0.2389,0.2329,0.2904,0.2994,0.8289,0.7439,0.8451,0.8850,0.9902,0.8971,0.7719,0.8402,0.4811,0.4544,0.2913,0.3012,0.1762,0.1980,A,,,20250101120000,
300,20250116,0.1323,0.1367,0.1308,0.1204,0.1264,0.1127,0.1148,0.1244,0.1283,0.1228,0.1545,0.1445,0.2481,0.2601,0.3669,0.4104,0.3229,0.3050,0.1806,0.1782,0.1574,0.1715,0.1702,0.1586,0.1870,0.1718,0.1638,0.1830,0.2256,0.2512,0.2714,0.2488,0.3442,0.3060,0.8508,0.8832,0.9220,0.9854,1.0579,1.0229,0.9029,0.8745,0.5423,0.4891,0.3117,0.3415,0.2104,0.2022,A,,,20250101120000,
300,20250117,0.1374,0.1488,0.1377,0.1294,0.1288,0.1257,0.1335,0.1209,0.1380,0.1292,0.1524,0.1656,0.2607,0.2799,0.3958,0.4311,0.3373,0.3305,0.1912,0.1904,0.1670,0.1829,0.1806,0.1693,0.1962,0.1854,0.1892,0.1797,0.2667,0.2406,0.2915,0.2619,0.3374,0.3543,0.9596,0.8850,0.9782,1.0508,1.0936,1.1199,0.9869,0.9038,0.5761,0.5211,0.3616,0.3333,0.2227,0.2161,A,,,20250101120000,
300,20250118,0.1462,0.1440,0.1393,0.1277,0.1256,0.1240,0.1245,0.1192,0.1278,0.1333,0.1448,0.1454,0.1898,0.1875,0.2893,0.2620,0.3495,0.3760,0.3192,0.3482,0.3020,0.3364,0.3209,0.2884,0.3169,0.3215,0.2963,0.3131,0.4091,0.4324,0.4333,0.4082,0.4785,0.4472,0.8641,0.7769,0.9145,0.9789,0.9670,1.0106,0.8221,0.9030,0.5251,0.5094,0.3648,0.3360,0.2234,0.2438,A,,,20250101120000,
300,20250119,0.1366,0.1412,0.1323,0.1233,0.1238,0.1151,0.1161,0.1173,0.1187,0.1314,0.1469,0.1309,0.1903,0.1709,0.2791,0.2488,0.3434,0.3512,0.3067,0.3324,0.2963,0.3149,0.2776,0.3059,0.3033,0.3080,0.2750,0.3085,0.3793,0.4265,0.3810,0.4248,0.4356,0.4507,0.8073,0.7639,0.8863,0.9267,0.9183,0.9753,0.8298,0.8221,0.5088,0.4817,0.3537,0.3173,0.2225,0.2249,A,,,20250101120000,
300,20250120,0.1332,0.1284,0.1185,0.1257,0.1122,0.1204,0.1100,0.1226,0.1267,0.1175,0.1518,0.1389,0.2589,0.2353,0.3908,0.3650,0.3080,0.3025,0.1655,0.1834,0.1561,0.1636,0.1655,0.1543,0.1814,0.1674,0.1668,0.1704,0.2413,0.2224,0.2607,0.2451,0.3217,0.3105,0.8002,0.8859,0.9142,0.9405,1.0568,0.9665,0.8611,0.8671,0.5222,0.4807,0.3151,0.3201,0.2103,0.1909,A,,,20250101120000,
300,20250121,0.1322,0.1381,0.1305,0.1217,0.1151,0.1252,0.1162,0.1240,0.1191,0.1331,0.1508,0.1495,0.2552,0.2553,0.4065,0.3742,0.3003,0.3303,0.1768,0.1835,0.1555,0.1748,0.1591,0.1712,0.1906,0.1697,0.1645,0.1838,0.2262,0.2528,0.2754,0.2471,0.3242,0.3289,0.8322,0.9093,0.9515,0.9642,1.0011,1.0887,0.8978,0.8873,0.4904,0.5455,0.3372,0.3189,0.2120,0.2024,A,,,20250101120000,
300,20250122,0.1209,0.1256,0.1176,0.1124,0.1092,0.1099,0.1127,0.1063,0.1176,0.1124,0.1335,0.1403,0.2461,0.2194,0.3654,0.3466,0.2776,0.2974,0.1737,0.1549,0.1550,0.1462,0.1509,0.1503,0.1741,0.1545,0.1603,0.1573,0.2098,0.2270,0.2462,0.2302,0.2913,0.3043,0.7614,0.8268,0.8802,0.8668,0.9816,0.9242,0.8246,0.8033,0.4876,0.4571,0.3036,0.2947,0.1820,0.1959,A,,,20250101120000,
300,20250123,0.1177,0.1250,0.1149,0.1115,0.1080,0.1077,0.1039,0.1118,0.1186,0.1078,0.1353,0.1343,0.2339,0.2244,0.3662,0.3348,0.2792,0.2870,0.1625,0.1610,0.1567,0.1399,0.1529,0.1437,0.1527,0.1708,0.1606,0.1521,0.2187,0.2113,0.2411,0.2281,0.2798,0.3066,0.8163,0.7474,0.8836,0.8365,0.9662,0.9102,0.7849,0.8179,0.4627,0.4674,0.2947,0.2944,0.1929,0.1792,A,,,20250101120000,
300,20250124,0.1126,0.1260,0.1149,0.1078,0.1082,0.1039,0.1042,0.1079,0.1147,0.1081,0.1374,0.1278,0.2136,0.2371,0.3414,0.3480,0.2645,0.2923,0.1516,0.1666,0.1478,0.1439,0.1494,0.1423,0.1652,0.1530,0.1502,0.1574,0.2138,0.2091,0.2318,0.2296,0.2852,0.2915,0.7756,0.7623,0.8607,0.8310,0.9491,0.8963,0.8298,0.7465,0.4696,0.4451,0.2910,0.2884,0.1785,0.1875,A,,,20250101120000,
300,20250125,0.1479,0.1478,0.1384,0.1337,0.1333,0.1211,0.1168,0.1317,0.1364,0.1298,0.1535,0.1423,0.1892,0.1953,0.2961,0.2659,0.3698,0.3696,0.3395,0.3408,0.3286,0.3221,0.3251,0.2960,0.3239,0.3268,0.3259,0.2952,0.4036,0.4542,0.4492,0.4086,0.4463,0.4973,0.8383,0.8343,0.9799,0.9501,1.0681,0.9477,0.8469,0.9115,0.5568,0.4976,0.3523,0.3620,0.2327,0.2435,A,,,20250101120000,
300,20250126,0.1450,0.1306,0.1250,0.1286,0.1249,0.1121,0.1191,0.1125,0.1305,0.1175,0.1330,0.1426,0.1790,0.1793,0.2486,0.2751,0.3415,0.3475,0.3114,0.3225,0.3014,0.3050,0.2779,0.3009,0.3099,0.2964,0.2798,0.2990,0.4086,0.3907,0.4204,0.3789,0.4311,0.4481,0.7732,0.7854,0.9431,0.8552,0.8896,0.9887,0.8643,0.7742,0.5008,0.4817,0.3131,0.3525,0.2273,0.2165,A,,,20250101120000,
300,20250127,0.1399,0.1470,0.1306,0.1372,0.1283,0.1267,0.1341,0.1209,0.1414,0.1264,0.1679,0.1510,0.2656,0.2763,0.4005,0.4284,0.3343,0.3352,0.1974,0.1852,0.1844,0.1663,0.1740,0.1767,0.2025,0.1800,0.1873,0.1825,0.2634,0.2451,0.2932,0.2615,0.3481,0.3453,0.9705,0.8786,1.0241,1.0099,1.0662,1.1526,0.9508,0.9444,0.5203,0.5796,0.3623,0.3343,0.2330,0.2069,A,,,20250101120000,
300,20250128,0.1367,0.1511,0.1300,0.1387,0.1245,0.1313,0.1276,0.1282,0.1353,0.1334,0.1585,0.1613,0.2566,0.2871,0.4149,0.4166,0.3229,0.3486,0.1986,0.1852,0.1822,0.1696,0.1686,0.1832,0.1996,0.1841,0.1788,0.1921,0.2688,0.2413,0.2632,0.2932,0.3588,0.3368,0.9031,0.9517,1.0252,1.0152,1.0483,1.1775,0.9516,0.9496,0.5502,0.5532,0.3630,0.3357,0.2222,0.2191,A,,,20250101120000,
300,20250129,0.1285,0.1234,0.1153,0.1198,0.1181,0.1058,0.1053,0.1186,0.1189,0.1162,0.1326,0.1473,0.2474,0.2284,0.3611,0.3667,0.3003,0.2875,0.1763,0.1596,0.1488,0.1591,0.1622,0.1457,0.1728,0.1631,0.1700,0.1547,0.2186,0.2278,0.2490,0.2380,0.3213,0.2875,0.7867,0.8367,0.8770,0.9088,0.9825,0.9656,0.8482,0.8158,0.4983,0.4673,0.2895,0.3220,0.1831,0.2032,A,,,20250101120000,
300,20250130,0.1310,0.1255,0.1222,0.1172,0.1151,0.1129,0.1129,0.1150,0.1205,0.1189,0.1399,0.1451,0.2420,0.2425,0.3828,0.3581,0.3063,0.2922,0.1750,0.1670,0.1647,0.1488,0.1554,0.1581,0.1740,0.1680,0.1674,0.1631,0.2240,0.2306,0.2522,0.2437,0.3257,0.2941,0.8492,0.8036,0.8786,0.9395,1.0355,0.9479,0.8008,0.8933,0.4693,0.5139,0.3297,0.2929,0.2038,0.1894,A,,,20250101120000,
300,20250131,0.1226,0.1215,0.1134,0.1144,0.1037,0.1133,0.1029,0.1141,0.1074,0.1204,0.1314,0.1398,0.2303,0.2308,0.3460,0.3591,0.2894,0.2801,0.1577,0.1677,0.1496,0.1487,0.1525,0.1458,0.1535,0.1720,0.1654,0.1492,0.2046,0.2279,0.2488,0.2231,0.3114,0.2784,0.7494,0.8236,0.8144,0.9158,0.8956,0.9920,0.7893,0.8230,0.4754,0.4603,0.3087,0.2839,0.1982,0.1761,A,,,20250101120000,
300,20250201,0.1325,0.1402,0.1294,0.1215,0.1148,0.1197,0.1204,0.1086,0.1247,0.1207,0.1312,0.1415,0.1725,0.1820,0.2656,0.2524,0.3535,0.3282,0.3297,0.2974,0.2924,0.3075,0.2875,0.2851,0.2911,0.3087,0.2845,0.2881,0.3873,0.4034,0.3890,0.4017,0.4170,0.4528,0.7648,0.7771,0.9088,0.8703,0.9530,0.9052,0.7802,0.8408,0.4923,0.4798,0.3465,0.3120,0.2099,0.2291,A,,,20250101120000,
300,20250202,0.1369,0.1355,0.1307,0.1199,0.1131,0.1212,0.1206,0.1083,0.1158,0.1294,0.1432,0.1292,0.1716,0.1826,0.2673,0.2503,0.3529,0.3282,0.3008,0.3257,0.3175,0.2818,0.2991,0.2729,0.2856,0.3138,0.3010,0.2711,0.3892,0.4008,0.3785,0.4115,0.4547,0.4143,0.7344,0.8061,0.9002,0.8773,0.9797,0.8768,0.8554,0.7641,0.4568,0.5144,0.3357,0.3222,0.2309,0.2077,A,,,20250101120000,
300,20250203,0.1325,0.1414,0.1293,0.1263,0.1264,0.1171,0.1290,0.1144,0.1337,0.1219,0.1608,0.1435,0.2448,0.2725,0.4157,0.3755,0.3254,0.3137,0.1798,0.1854,0.1722,0.1625,0.1716,0.1632,0.1804,0.1847,0.1710,0.1820,0.2337,0.2517,0.2656,0.2639,0.3194,0.3425,0.8441,0.9209,0.9781,0.9634,1.0958,1.0222,0.8942,0.9149,0.5434,0.5065,0.3302,0.3347,0.1993,0.2207,A,,,20250101120000,
300,20250204,0.1437,0.1300,0.1270,0.1285,0.1180,0.1253,0.1150,0.1283,0.1274,0.1281,0.1552,0.1490,0.2450,0.2721,0.3869,0.4039,0.3365,0.3023,0.1851,0.1799,0.1751,0.1595,0.1651,0.1695,0.1822,0.1828,0.1830,0.1699,0.2399,0.2452,0.2528,0.2765,0.3152,0.3464,0.9210,0.8433,0.9515,0.9892,1.0752,1.0419,0.9430,0.8653,0.5445,0.5049,0.3437,0.3210,0.2188,0.2010,A,,,20250101120000,
300,20250205,0.1265,0.1155,0.1172,0.1087,0.1127,0.1024,0.1135,0.1016,0.1113,0.1145,0.1279,0.1410,0.2171,0.2400,0.3699,0.3291,0.2777,0.2869,0.1627,0.1599,0.1557,0.1401,0.1462,0.1496,0.1668,0.1559,0.1536,0.1583,0.2077,0.2211,0.2357,0.2322,0.2862,0.2986,0.7404,0.8190,0.8938,0.8216,0.9887,0.8827,0.7939,0.8046,0.4460,0.4816,0.2881,0.2993,0.1854,0.1856,A,,,20250101120000,
300,20250206,0.1175,0.1281,0.1101,0.1191,0.1152,0.1031,0.1118,0.1065,0.1081,0.1212,0.1358,0.1370,0.2338,0.2301,0.3624,0.3471,0.2980,0.2751,0.1581,0.1694,0.1421,0.1581,0.1465,0.1536,0.1652,0.1623,0.1625,0.1541,0.2211,0.2141,0.2493,0.2255,0.3128,0.2807,0.7560,0.8266,0.8810,0.8599,0.9218,0.9773,0.7845,0.8377,0.4944,0.4470,0.2935,0.3027,0.1785,0.1980,A,,,20250101120000,
300,20250207,0.1324,0.1345,0.1255,0.1236,0.1232,0.1141,0.1130,0.1243,0.1270,0.1221,0.1542,0.1424,0.2393,0.2649,0.3837,0.3874,0.2997,0.3231,0.1837,0.1722,0.1650,0.1612,0.1589,0.1673,0.1764,0.1795,0.1737,0.1703,0.2349,0.2381,0.2590,0.2570,0.3207,0.3243,0.9054,0.8146,0.9415,0.9506,1.0766,0.9874,0.8319,0.9311,0.5204,0.5027,0.3058,0.3421,0.2091,0.2002,A,,,20250101120000,
300,20250208,0.1479,0.1556,0.1361,0.1431,0.1357,0.1253,0.1247,0.1302,0.1330,0.1401,0.1497,0.1538,0.1948,0.1998,0.2931,0.2835,0.3705,0.3882,0.3314,0.3666,0.3196,0.3480,0.3225,0.3148,0.3220,0.3457,0.3060,0.3314,0.4155,0.4646,0.4348,0.4453,0.5092,0.4589,0.8291,0.8871,0.9970,0.9832,1.0043,1.0639,0.9442,0.8600,0.5491,0.5328,0.3828,0.3501,0.2566,0.2320,A,,,20250101120000,
300,20250209,0.1488,0.1339,0.1247,0.1354,0.1177,0.1254,0.1218,0.1157,0.1277,0.1268,0.1402,0.1425,0.1894,0.1782,0.2544,0.2828,0.3630,0.3438,0.3088,0.3415,0.3223,0.2997,0.3119,0.2818,0.3021,0.3199,0.2807,0.3131,0.4081,0.4118,0.3857,0.4342,0.4408,0.4611,0.7706,0.8282,0.8777,0.9671,0.9508,0.9760,0.7921,0.8888,0.4833,0.5247,0.3372,0.3456,0.2323,0.2229,A,,,20250101120000,
300,20250210,0.1234,0.1372,0.1270,0.1163,0.1213,0.1104,0.1196,0.1121,0.1184,0.1249,0.1450,0.1446,0.2390,0.2533,0.3705,0.3824,0.3065,0.3017,0.1805,0.1671,0.1511,0.1675,0.1672,0.1514,0.1706,0.1770,0.1776,0.1583,0.2209,0.2410,0.2514,0.2525,0.3104,0.3195,0.8114,0.8683,0.9757,0.8719,1.0168,0.9988,0.8528,0.8689,0.5128,0.4863,0.3329,0.2999,0.1892,0.2105,A,,,20250101120000,
300,20250211,0.1257,0.1138,0.1116,0.1119,0.1112,0.1018,0.1079,0.1050,0.1089,0.1147,0.1377,0.1285,0.2377,0.2147,0.3539,0.3380,0.2724,0.2865,0.1654,0.1540,0.1460,0.1468,0.1388,0.1540,0.1563,0.1631,0.1458,0.1629,0.2013,0.2232,0.2454,0.2177,0.3019,0.2769,0.7732,0.7703,0.8652,0.8327,0.9257,0.9266,0.8117,0.7705,0.4789,0.4393,0.2825,0.2990,0.1828,0.1844,A,,,20250101120000,
300,20250212,0.1358,0.1476,0.1263,0.1382,0.1316,0.1204,0.1278,0.1241,0.1348,0.1297,0.1633,0.1516,0.2603,0.2750,0.4248,0.3940,0.3233,0.3380,0.1858,0.1921,0.1650,0.1814,0.1661,0.1803,0.1869,0.1910,0.1760,0.1893,0.2442,0.2580,0.2589,0.2891,0.3452,0.3397,0.9574,0.8690,1.0422,0.9669,1.0694,1.1223,0.8956,0.9765,0.5705,0.5160,0.3306,0.3575,0.2147,0.2198,A,,,20250101120000,
300,20250213,0.1261,0.1136,0.1120,0.1117,0.1064,0.1066,0.1056,0.1075,0.1119,0.1118,0.1253,0.1410,0.2289,0.2239,0.3284,0.3640,0.2952,0.2641,0.1643,0.1553,0.1407,0.1523,0.1514,0.1415,0.1513,0.1682,0.1500,0.1589,0.2132,0.2116,0.2260,0.2374,0.2755,0.3037,0.7890,0.7557,0.7997,0.8994,0.8885,0.9651,0.7654,0.8179,0.4520,0.4668,0.2781,0.3038,0.1837,0.1839,A,,,20250101120000,
300,20250214,0.1286,0.1160,0.1133,0.1150,0.1116,0.1058,0.1054,0.1120,0.1076,0.1207,0.1400,0.1317,0.2265,0.2355,0.3485,0.3580,0.2748,0.2958,0.1637,0.1624,0.1456,0.1533,0.1555,0.1434,0.1681,0.1580,0.1548,0.1604,0.2070,0.2264,0.2359,0.2369,0.2871,0.3040,0.8239,0.7522,0.8604,0.8733,0.9193,0.9721,0.7682,0.8473,0.4524,0.4851,0.3014,0.2924,0.1842,0.1908,A,,,20250101120000,
300,20250215,0.1518,0.1447,0.1374,0.1354,0.1246,0.1303,0.1258,0.1233,0.1327,0.1341,0.1458,0.1507,0.1882,0.1973,0.2752,0.2881,0.3777,0.3635,0.3314,0.3505,0.3406,0.3116,0.3239,0.2987,0.3419,0.3103,0.3140,0.3086,0.4343,0.4255,0.4199,0.4399,0.4465,0.4992,0.8626,0.8140,1.0164,0.9181,0.9777,1.0428,0.8319,0.9306,0.5391,0.5179,0.3528,0.3632,0.2498,0.2275,A,,,20250101120000,
300,20250216,0.1460,0.1421,0.1373,0.1278,0.1210,0.1268,0.1157,0.1263,0.1327,0.1266,0.1358,0.1523,0.1949,0.1797,0.2757,0.2717,0.3571,0.3632,0.3432,0.3195,0.3181,0.3158,0.3075,0.2976,0.3071,0.3268,0.3070,0.2981,0.4009,0.4346,0.4103,0.4253,0.4835,0.4356,0.7726,0.8567,0.9773,0.9027,0.9776,0.9859,0.8400,0.8729,0.5330,0.4942,0.3477,0.3481,0.2224,0.2415,A,,,20250101120000,
300,20250217,0.1334,0.1273,0.1187,0.1246,0.1174,0.1143,0.1170,0.1147,0.1287,0.1146,0.1501,0.1395,0.2581,0.2343,0.3904,0.3627,0.2984,0.3099,0.1655,0.1820,0.1608,0.1578,0.1621,0.1565,0.1733,0.1743,0.1622,0.1738,0.2424,0.2196,0.2653,0.2387,0.3028,0.3272,0.8520,0.8279,0.9107,0.9373,1.0179,0.9981,0.8473,0.8747,0.5209,0.4784,0.3308,0.3020,0.1880,0.2117,A,,,20250101120000,
300,20250218,0.1362,0.1467,0.1356,0.1285,0.1186,0.1329,0.1320,0.1195,0.1371,0.1270,0.1631,0.1513,0.2680,0.2665,0.3903,0.4271,0.3237,0.3364,0.1952,0.1820,0.1785,0.1673,0.1804,0.1654,0.1938,0.1835,0.1820,0.1826,0.2643,0.2371,0.2727,0.2743,0.3557,0.3281,0.8987,0.9247,0.9630,1.0427,1.0922,1.0958,0.9334,0.9355,0.5207,0.5639,0.3515,0.3354,0.2088,0.2250,A,,,20250101120000,
300,20250219,0.1307,0.1336,0.1227,0.1240,0.1185,0.1164,0.1219,0.1130,0.1232,0.1235,0.1436,0.1500,0.2417,0.2574,0.3854,0.3780,0.3133,0.3033,0.1753,0.1770,0.1596,0.1633,0.1702,0.1528,0.1798,0.1726,0.1730,0.1675,0.2207,0.2476,0.2403,0.2705,0.3334,0.3052,0.8338,0.8690,0.9333,0.9399,1.0770,0.9665,0.8783,0.8672,0.5007,0.5123,0.3389,0.3026,0.1984,0.2068,A,,,20250101120000,
300,20250220,0.1488,0.1366,0.1357,0.1307,0.1275,0.1262,0.1336,0.1202,0.1279,0.1385,0.1546,0.1625,0.2684,0.2708,0.3985,0.4261,0.3297,0.3363,0.1893,0.1913,0.1809,0.1680,0.1803,0.1686,0.1821,0.1984,0.1772,0.1907,0.2521,0.2538,0.2651,0.2868,0.3350,0.3548,0.9658,0.8737,1.0112,1.0122,1.1239,1.0835,0.8987,0.9867,0.5382,0.5560,0.3656,0.3274,0.2120,0.2257,A,,,20250101120000,
300,20250221,0.1460,0.1428,0.1376,0.1320,0.1211,0.1356,0.1303,0.1264,0.1343,0.1352,0.1666,0.1543,0.2793,0.2662,0.3977,0.4366,0.3295,0.3444,0.1902,0.1949,0.1835,0.1694,0.1675,0.1855,0.1975,0.1876,0.1959,0.1763,0.2557,0.2561,0.2898,0.2685,0.3281,0.3699,0.9402,0.9209,1.0438,1.0034,1.1001,1.1332,0.9707,0.9369,0.5423,0.5647,0.3567,0.3445,0.2301,0.2127,A,,,20250101120000,
300,20250222,0.1497,0.1433,0.1364,0.1332,0.1190,0.1330,0.1293,0.1168,0.1334,0.1304,0.1519,0.1412,0.1984,0.1825,0.2769,0.2799,0.3668,0.3658,0.3328,0.3413,0.3149,0.3298,0.3077,0.3077,0.3325,0.3122,0.3253,0.2901,0.4129,0.4369,0.4492,0.4007,0.4404,0.4945,0.8292,0.8280,0.9003,1.0119,0.9945,1.0026,0.9099,0.8323,0.5179,0.5268,0.3615,0.3462,0.2354,0.2364,A,,,20250101120000,
300,20250223,0.1417,0.1477,0.1380,0.1283,0.1269,0.1220,0.1156,0.1275,0.1265,0.1340,0.1468,0.1426,0.1895,0.1868,0.2608,0.2891,0.3625,0.3611,0.3332,0.3325,0.3175,0.3193,0.3152,0.2926,0.3149,0.3219,0.3088,0.2990,0.4174,0.4219,0.4249,0.4145,0.4656,0.4577,0.8273,0.8095,0.9782,0.9104,1.0041,0.9684,0.9016,0.8192,0.5044,0.5275,0.3654,0.3336,0.2286,0.2374,A,,,20250101120000,
300,20250224,0.1274,0.1282,0.1231,0.1154,0.1186,0.1085,0.1112,0.1159,0.1231,0.1154,0.1363,0.1477,0.2384,0.2443,0.3877,0.3505,0.2979,0.2984,0.1770,0.1637,0.1491,0.1633,0.1600,0.1524,0.1744,0.1663,0.1634,0.1660,0.2263,0.2266,0.2592,0.2348,0.3253,0.2923,0.8454,0.8014,0.8830,0.9285,1.0366,0.9396,0.8202,0.8678,0.4663,0.5133,0.3276,0.2928,0.1960,0.1958,A,,,20250101120000,
300,20250225,0.1323,0.1429,0.1261,0.1308,0.1254,0.1193,0.1156,0.1290,0.1326,0.1243,0.1613,0.1445,0.2506,0.2693,0.3993,0.3958,0.3321,0.3101,0.1725,0.1945,0.1735,0.1629,0.1616,0.1748,0.1911,0.1759,0.1821,0.1726,0.2407,0.2471,0.2616,0.2705,0.3273,0.3379,0.8681,0.9056,0.9795,0.9716,1.0948,1.0337,0.9389,0.8792,0.5375,0.5176,0.3179,0.3503,0.2204,0.2016,A,,,20250101120000,
300,20250226,0.1283,0.1180,0.1110,0.1189,0.1033,0.1156,0.1150,0.1039,0.1095,0.1203,0.1353,0.1384,0.2432,0.2220,0.3418,0.3697,0.2705,0.3042,0.1550,0.1734,0.1543,0.1467,0.1583,0.1427,0.1680,0.1604,0.1570,0.1604,0.2241,0.2124,0.2500,0.2261,0.2961,0.2991,0.7565,0.8306,0.8685,0.8774,0.9747,0.9300,0.8300,0.7969,0.4536,0.4905,0.2891,0.3088,0.1974,0.1802,A,,,20250101120000,
300,20250227,0.1378,0.1381,0.1240,0.1335,0.1272,0.1180,0.1208,0.1245,0.1353,0.1222,0.1489,0.1577,0.2480,0.2731,0.3768,0.4202,0.3365,0.3072,0.1926,0.1752,0.1607,0.1765,0.1594,0.1777,0.1947,0.1732,0.1675,0.1881,0.2479,0.2410,0.2520,0.2814,0.3498,0.3169,0.9238,0.8540,0.9783,0.9773,1.1003,1.0331,0.8809,0.9414,0.5125,0.5450,0.3320,0.3378,0.2222,0.2008,A,,,20250101120000,
300,20250228,0.1207,0.1357,0.1166,0.1227,0.1147,0.1132,0.1149,0.1130,0.1172,0.1221,0.1367,0.1482,0.2416,0.2427,0.3672,0.3735,0.3107,0.2876,0.1698,0.1721,0.1569,0.1565,0.1570,0.1564,0.1742,0.1676,0.1663,0.1642,0.2142,0.2402,0.2480,0.2477,0.3106,0.3091,0.8427,0.8096,0.8707,0.9468,0.9350,1.0478,0.8056,0.8881,0.4988,0.4841,0.3047,0.3178,0.2057,0.1875,A,,,20250101120000,
300,20250301,0.1556,0.1383,0.1423,0.1281,0.1229,0.1299,0.1240,0.1229,0.1311,0.1334,0.1509,0.1430,0.1994,0.1826,0.2746,0.2837,0.3674,0.3673,0.3504,0.3255,0.3334,0.3131,0.3016,0.3156,0.3222,0.3244,0.3204,0.2968,0.2799,0.3078,0.2990,0.2888,0.3214,0.3252,0.5582,0.5880,0.6234,0.6991,0.6593,0.7219,0.5665,0.6384,0.4782,0.4329,0.3033,0.3139,0.2091,0.2023,A,,,20250101120000,
300,20250302,0.1461,0.1297,0.1209,0.1329,0.1173,0.1200,0.1138,0.1179,0.1232,0.1251,0.1406,0.1353,0.1884,0.1703,0.2597,0.2645,0.3265,0.3632,0.3163,0.3182,0.3051,0.3018,0.2860,0.2933,0.3010,0.3060,0.2753,0.3040,0.2664,0.2854,0.2600,0.2917,0.3092,0.2978,0.5554,0.5205,0.6385,0.6029,0.6136,0.6830,0.5878,0.5433,0.4431,0.4121,0.3010,0.2783,0.1878,0.1984,A,,,20250101120000,
300,20250303,0.1167,0.1308,0.1101,0.1209,0.1104,0.1095,0.1053,0.1147,0.1130,0.1180,0.1355,0.1394,0.2292,0.2381,0.3717,0.3431,0.2781,0.2993,0.1571,0.1728,0.1468,0.1557,0.1493,0.1532,0.1577,0.1722,0.1507,0.1682,0.1489,0.1536,0.1649,0.1651,0.2100,0.2024,0.5306,0.5692,0.6002,0.6095,0.6677,0.6520,0.5484,0.5788,0.4167,0.4081,0.2732,0.2492,0.1659,0.1641,A,,,20250101120000,
300,20250304,0.1340,0.1362,0.1205,0.1317,0.1266,0.1135,0.1135,0.1267,0.1217,0.1304,0.1556,0.1446,0.2533,0.2570,0.4040,0.3765,0.3133,0.3170,0.1725,0.1877,0.1663,0.1639,0.1734,0.1567,0.1841,0.1761,0.1702,0.1780,0.1556,0.1745,0.1742,0.1860,0.2318,0.2185,0.5772,0.6235,0.6929,0.6279,0.7132,0.7277,0.6131,0.6176,0.4514,0.4491,0.2708,0.2995,0.1896,0.1706,A,,,20250101120000,
300,20250305,0.1446,0.1337,0.1224,0.1374,0.1277,0.1197,0.1288,0.1187,0.1283,0.1315,0.1540,0.1553,0.2640,0.2618,0.3895,0.4146,0.3112,0.3383,0.1749,0.1962,0.1730,0.1672,0.1733,0.1670,0.1760,0.1951,0.1730,0.1858,0.1628,0.1774,0.1941,0.1770,0.2346,0.2293,0.6311,0.6061,0.6880,0.6728,0.7474,0.7372,0.5970,0.6711,0.4663,0.4615,0.3082,0.2795,0.1964,0.1748,A,,,20250101120000,
300,20250306,0.1343,0.1466,0.1245,0.1377,0.1209,0.1288,0.1270,0.1227,0.1245,0.1377,0.1542,0.1579,0.2769,0.2537,0.3860,0.4255,0.3092,0.3463,0.1802,0.1943,0.1708,0.1726,0.1723,0.1710,0.1888,0.1858,0.1836,0.1785,0.1774,0.1660,0.1840,0.1905,0.2267,0.2415,0.6260,0.6225,0.6658,0.7076,0.7600,0.7383,0.6622,0.6175,0.4726,0.4638,0.2903,0.3028,0.1905,0.1841,A,,,20250101120000,
300,20250307,0.1260,0.1279,0.1251,0.1119,0.1065,0.1192,0.1119,0.1138,0.1216,0.1154,0.1346,0.1475,0.2456,0.2341,0.3746,0.3590,0.3067,0.2858,0.1699,0.1687,0.1543,0.1561,0.1594,0.1510,0.1677,0.1709,0.1574,0.1699,0.1629,0.1475,0.1775,0.1611,0.2149,0.2084,0.5472,0.5814,0.6282,0.6133,0.6506,0.7038,0.6027,0.5541,0.4415,0.4050,0.2682,0.2679,0.1741,0.1645,A,,,20250101120000,
300,20250308,0.1419,0.1396,0.1227,0.1363,0.1237,0.1183,0.1219,0.1146,0.1259,0.1274,0.1401,0.1413,0.1823,0.1836,0.2787,0.2560,0.3708,0.3329,0.3217,0.3256,0.3172,0.3020,0.3095,0.2816,0.3029,0.3164,0.2804,0.3107,0.2915,0.2714,0.2891,0.2739,0.2923,0.3269,0.5608,0.5369,0.6470,0.6196,0.6266,0.6963,0.5902,0.5639,0.4425,0.4300,0.2989,0.2922,0.2030,0.1910,A,,,20250101120000,
300,20250309,0.1670,0.1485,0.1408,0.1494,0.1312,0.1400,0.1349,0.1301,0.1372,0.1467,0.1660,0.1494,0.1928,0.2173,0.2873,0.3120,0.4037,0.3848,0.3661,0.3593,0.3403,0.3536,0.3381,0.3243,0.3384,0.3555,0.3271,0.3353,0.2972,0.3337,0.3161,0.3148,0.3461,0.3478,0.5982,0.6320,0.7426,0.6768,0.7452,0.7373,0.6508,0.6424,0.5097,0.4681,0.3400,0.3224,0.2336,0.2080,A,,,20250101120000,
300,20250310,0.1275,0.1179,0.1143,0.1147,0.1155,0.1026,0.1032,0.1149,0.1119,0.1171,0.1441,0.1285,0.2191,0.2443,0.3749,0.3339,0.2903,0.2822,0.1728,0.1543,0.1465,0.1533,0.1434,0.1565,0.1605,0.1667,0.1620,0.1543,0.1448,0.1551,0.1587,0.1685,0.2097,0.1992,0.5594,0.5311,0.6049,0.5946,0.6779,0.6307,0.5773,0.5404,0.4251,0.3928,0.2591,0.2589,0.1621,0.1651,A,,,20250101120000,
300,20250311,0.1330,0.1349,0.1262,0.1238,0.1129,0.1253,0.1163,0.1218,0.1276,0.1224,0.1491,0.1485,0.2418,0.2642,0.3696,0.4043,0.3137,0.3113,0.1771,0.1801,0.1730,0.1545,0.1589,0.1685,0.1825,0.1747,0.1769,0.1684,0.1715,0.1559,0.1877,0.1695,0.2357,0.2108,0.6171,0.5736,0.6919,0.6178,0.6823,0.7464,0.6036,0.6168,0.4347,0.4583,0.2746,0.2909,0.1737,0.1835,A,,,20250101120000,
300,20250312,0.1414,0.1342,0.1282,0.1290,0.1240,0.1209,0.1221,0.1228,0.1340,0.1231,0.1543,0.1518,0.2452,0.2753,0.3758,0.4201,0.3283,0.3145,0.1781,0.1892,0.1685,0.1682,0.1701,0.1667,0.1886,0.1787,0.1737,0.1814,0.1669,0.1699,0.1868,0.1806,0.2283,0.2309,0.6302,0.5943,0.6895,0.6575,0.7256,0.7438,0.6217,0.6334,0.4416,0.4768,0.3014,0.2803,0.1807,0.1866,A,,,20250101120000,
300,20250313,0.1373,0.1463,0.1249,0.1398,0.1283,0.1238,0.1216,0.1305,0.1305,0.1342,0.1495,0.1656,0.2569,0.2787,0.4191,0.4002,0.3315,0.3302,0.1840,0.1941,0.1652,0.1814,0.1822,0.1644,0.1887,0.1894,0.1752,0.1903,0.1710,0.1756,0.1854,0.1927,0.2223,0.2503,0.6266,0.6337,0.6647,0.7217,0.7298,0.7826,0.6798,0.6121,0.4498,0.4955,0.3150,0.2837,0.1828,0.1953,A,,,20250101120000,
300,20250314,0.1338,0.1495,0.1384,0.1261,0.1247,0.1272,0.1266,0.1253,0.1345,0.1300,0.1654,0.1495,0.2820,0.2532,0.4086,0.4100,0.3377,0.3235,0.1910,0.1869,0.1826,0.1637,0.1801,0.1662,0.1824,0.1954,0.1733,0.1919,0.1761,0.1702,0.1853,0.1925,0.2440,0.2283,0.6231,0.6363,0.6998,0.6855,0.7113,0.8000,0.6745,0.6163,0.4490,0.4955,0.2895,0.3087,0.1808,0.1970,A,,,20250101120000,
300,20250315,0.1409,0.1441,0.1372,0.1250,0.1200,0.1251,0.1211,0.1183,0.1326,0.1239,0.1449,0.1401,0.1839,0.1866,0.2673,0.2742,0.3721,0.3404,0.3210,0.3345,0.3191,0.3079,0.3091,0.2894,0.3137,0.3133,0.3115,0.2870,0.2943,0.2757,0.2833,0.2867,0.3269,0.3001,0.5284,0.5831,0.6698,0.6127,0.6400,0.6995,0.5792,0.5893,0.4409,0.4426,0.2947,0.3038,0.2055,0.1935,A,,,20250101120000,
300,20250316,0.1259,0.1376,0.1169,0.1254,0.1120,0.1145,0.1042,0.1171,0.1204,0.1167,0.1261,0.1373,0.1641,0.1784,0.2614,0.2391,0.3456,0.3130,0.3013,0.3046,0.3032,0.2763,0.2726,0.2806,0.3030,0.2766,0.2614,0.2918,0.2651,0.2618,0.2639,0.2630,0.2779,0.3016,0.5143,0.5131,0.5985,0.5870,0.5846,0.6535,0.5248,0.5553,0.4162,0.4005,0.2678,0.2855,0.1774,0.1914,A,,,20250101120000,
300,20250317,0.1342,0.1313,0.1211,0.1267,0.1115,0.1245,0.1223,0.1137,0.1188,0.1290,0.1448,0.1502,0.2533,0.2482,0.4065,0.3605,0.2934,0.3262,0.1730,0.1810,0.1586,0.1659,0.1715,0.1531,0.1677,0.1863,0.1743,0.1680,0.1537,0.1709,0.1858,0.1682,0.2173,0.2252,0.5798,0.6004,0.6456,0.6526,0.7136,0.7026,0.5784,0.6313,0.4189,0.4662,0.2886,0.2719,0.1872,0.1669,A,,,20250101120000,
300,20250318,0.1350,0.1255,0.1166,0.1265,0.1206,0.1110,0.1176,0.1140,0.1288,0.1144,0.1524,0.1371,0.2595,0.2326,0.3841,0.3686,0.3004,0.3075,0.1768,0.1706,0.1619,0.1565,0.1607,0.1578,0.1682,0.1792,0.1692,0.1666,0.1516,0.1668,0.1750,0.1724,0.2265,0.2077,0.5810,0.5770,0.6528,0.6209,0.6567,0.7328,0.5920,0.5949,0.4381,0.4304,0.2592,0.2909,0.1744,0.1730,A,,,20250101120000,
300,20250319,0.1131,0.1271,0.1065,0.1176,0.1099,0.1035,0.1029,0.1106,0.1066,0.1175,0.1372,0.1296,0.2275,0.2260,0.3467,0.3470,0.2667,0.2936,0.1512,0.1690,0.1463,0.1472,0.1385,0.1549,0.1571,0.1631,0.1527,0.1568,0.1487,0.1447,0.1622,0.1579,0.2029,0.1973,0.5133,0.5539,0.5738,0.6001,0.6593,0.6213,0.5524,0.5415,0.4072,0.3932,0.2686,0.2383,0.1622,0.1579,A,,,20250101120000,
300,20250320,0.1315,0.1330,0.1283,0.1185,0.1163,0.1188,0.1121,0.1230,0.1246,0.1223,0.1424,0.1514,0.2628,0.2368,0.3806,0.3834,0.3129,0.3042,0.1735,0.1792,0.1559,0.1674,0.1635,0.1597,0.1867,0.1659,0.1757,0.1652,0.1561,0.1672,0.1671,0.1856,0.2174,0.2234,0.5854,0.5901,0.6840,0.6090,0.7434,0.6672,0.5932,0.6117,0.4582,0.4234,0.2655,0.2929,0.1778,0.1748,A,,,20250101120000,
300,20250321,0.1420,0.1457,0.1368,0.1317,0.1219,0.1338,0.1243,0.1314,0.1375,0.1311,0.1538,0.1659,0.2748,0.2688,0.4219,0.4094,0.3262,0.3452,0.1907,0.1930,0.1704,0.1813,0.1683,0.1834,0.1838,0.1999,0.1902,0.1806,0.1732,0.1784,0.1998,0.1838,0.2445,0.2351,0.6154,0.6635,0.7372,0.6695,0.7521,0.7825,0.6747,0.6361,0.5061,0.4531,0.3104,0.2970,0.2023,0.1813,A,,,20250101120000,
300,20250322,0.1374,0.1504,0.1402,0.1246,0.1237,0.1238,0.1207,0.1210,0.1308,0.1282,0.1523,0.1355,0.1901,0.1840,0.2819,0.2649,0.3740,0.3455,0.3391,0.3228,0.3305,0.3026,0.3200,0.2843,0.3263,0.3069,0.2855,0.3189,0.2914,0.2842,0.2728,0.3028,0.3022,0.3309,0.5927,0.5296,0.6125,0.6826,0.6899,0.6627,0.6120,0.5679,0.4644,0.4278,0.2980,0.3064,0.1901,0.2128,A,,,20250101120000,
300,20250323,0.1351,0.1415,0.1308,0.1238,0.1154,0.1225,0.1207,0.1117,0.1299,0.1191,0.1420,0.1346,0.1840,0.1757,0.2484,0.2773,0.3587,0.3330,0.3137,0.3226,0.3213,0.2874,0.2971,0.2840,0.2895,0.3192,0.2824,0.2986,0.2680,0.2854,0.2645,0.2888,0.3154,0.2932,0.5364,0.5426,0.6522,0.5928,0.6417,0.6587,0.5350,0.5993,0.4256,0.4320,0.2869,0.2941,0.1984,0.1890,A,,,20250101120000,
300,20250324,0.1342,0.1436,0.1268,0.1325,0.1166,0.1303,0.1245,0.1225,0.1251,0.1342,0.1527,0.1560,0.2584,0.2664,0.3916,0.4110,0.3231,0.3251,0.1812,0.1892,0.1780,0.1616,0.1635,0.1761,0.1905,0.1799,0.1779,0.1802,0.1701,0.1695,0.1778,0.1927,0.2266,0.2364,0.6260,0.6088,0.6475,0.7108,0.7607,0.7211,0.6499,0.6158,0.4764,0.4497,0.2841,0.3024,0.1811,0.1894,A,,,20250101120000,
300,20250325,0.1419,0.1288,0.1319,0.1208,0.1254,0.1152,0.1267,0.1139,0.1330,0.1197,0.1448,0.1560,0.2566,0.2547,0.4066,0.3754,0.3285,0.3031,0.1838,0.1771,0.1746,0.1562,0.1711,0.1598,0.1782,0.1828,0.1655,0.1834,0.1698,0.1611,0.1827,0.1783,0.2288,0.2224,0.6043,0.5988,0.6492,0.6742,0.7118,0.7320,0.6392,0.5940,0.4352,0.4672,0.2861,0.2854,0.1839,0.1771,A,,,20250101120000,
300,20250326,0.1264,0.1183,0.1141,0.1143,0.1103,0.1072,0.1074,0.1102,0.1126,0.1158,0.1421,0.1299,0.2205,0.2418,0.3637,0.3433,0.2839,0.2872,0.1656,0.1607,0.1406,0.1585,0.1453,0.1538,0.1683,0.1580,0.1616,0.1538,0.1573,0.1418,0.1689,0.1574,0.2032,0.2047,0.5474,0.5403,0.6047,0.5917,0.6300,0.6752,0.5578,0.5571,0.4099,0.4059,0.2672,0.2495,0.1634,0.1629,A,,,20250101120000,
300,20250327,0.1324,0.1332,0.1295,0.1184,0.1158,0.1203,0.1208,0.1153,0.1190,0.1289,0.1528,0.1424,0.2376,0.2641,0.3686,0.3987,0.3132,0.3066,0.1766,0.1776,0.1579,0.1668,0.1717,0.1529,0.1840,0.1701,0.1690,0.1733,0.1548,0.1698,0.1675,0.1866,0.2190,0.2237,0.5889,0.5916,0.6772,0.6214,0.6798,0.7368,0.5889,0.6211,0.4249,0.4605,0.2662,0.2945,0.1729,0.1812,A,,,20250101120000,
300,20250328,0.1234,0.1288,0.1161,0.1193,0.1142,0.1100,0.1180,0.1061,0.1200,0.1154,0.1435,0.1367,0.2515,0.2249,0.3762,0.3524,0.3054,0.2831,0.1689,0.1673,0.1486,0.1597,0.1584,0.1498,0.1750,0.1613,0.1620,0.1631,0.1489,0.1593,0.1597,0.1766,0.2214,0.1989,0.5366,0.5843,0.6038,0.6292,0.6375,0.7076,0.5642,0.5847,0.4329,0.4078,0.2657,0.2667,0.1745,0.1618,A,,,20250101120000,
300,20250329,0.1659,0.1476,0.1436,0.1448,0.1408,0.1289,0.1347,0.1287,0.1445,0.1376,0.1583,0.1552,0.2051,0.2025,0.2965,0.2992,0.3898,0.3940,0.3762,0.3449,0.3578,0.3319,0.3424,0.3160,0.3462,0.3436,0.3204,0.3380,0.2982,0.3289,0.3110,0.3160,0.3357,0.3541,0.5820,0.6407,0.6706,0.7402,0.7287,0.7449,0.6307,0.6548,0.5007,0.4713,0.3179,0.3405,0.2310,0.2079,A,,,20250101120000,
300,20250330,0.1459,0.1443,0.1315,0.1355,0.1198,0.1297,0.1178,0.1259,0.1305,0.1307,0.1442,0.1460,0.1970,0.1802,0.2864,0.2650,0.3766,0.3488,0.3395,0.3279,0.3356,0.3028,0.3175,0.2918,0.3185,0.3199,0.3146,0.2947,0.2918,0.2886,0.2890,0.2913,0.3255,0.3129,0.5706,0.5610,0.6425,0.6633,0.6868,0.6770,0.5906,0.5991,0.4641,0.4354,0.3176,0.2917,0.2070,0.1993,A,,,20250101120000,
300,20250331,0.1217,0.1260,0.1166,0.1146,0.1060,0.1142,0.1082,0.1120,0.1165,0.1146,0.1457,0.1295,0.2202,0.2477,0.3390,0.3765,0.3007,0.2772,0.1708,0.1594,0.1540,0.1488,0.1461,0.1566,0.1589,0.1713,0.1579,0.1614,0.1532,0.1496,0.1627,0.1676,0.2070,0.2058,0.5556,0.5453,0.6049,0.6061,0.6389,0.6822,0.5442,0.5842,0.4282,0.3974,0.2704,0.2525,0.1581,0.1722,A,,,20250101120000,
300,20250401,0.1319,0.1293,0.1191,0.1247,0.1216,0.1106,0.1152,0.1169,0.1173,0.1265,0.1398,0.1505,0.2461,0.2472,0.3959,0.3586,0.3176,0.2918,0.1733,0.1749,0.1604,0.1589,0.1544,0.1648,0.1802,0.1681,0.1782,0.1585,0.1618,0.1574,0.1689,0.1793,0.2113,0.2241,0.5555,0.6054,0.6139,0.6630,0.7200,0.6730,0.5765,0.6133,0.4311,0.4395,0.2611,0.2903,0.1732,0.1750,A,,,20250101120000,
300,20250402,0.1488,0.1352,0.1266,0.1385,0.1277,0.1248,0.1253,0.1271,0.1309,0.1341,0.1586,0.1569,0.2823,0.2541,0.3930,0.4274,0.3252,0.3374,0.1892,0.1894,0.1834,0.1637,0.1637,0.1834,0.1954,0.1832,0.1801,0.1859,0.1812,0.1659,0.1865,0.1922,0.2237,0.2497,0.5938,0.6684,0.7057,0.6827,0.7822,0.7325,0.6467,0.6471,0.4691,0.4776,0.2891,0.3105,0.1828,0.1959,A,,,20250101120000,
300,20250403,0.1413,0.1432,0.1354,0.1301,0.1328,0.1201,0.1194,0.1335,0.1406,0.1249,0.1612,0.1549,0.2838,0.2536,0.3878,0.4342,0.3479,0.3160,0.1804,0.1990,0.1705,0.1772,0.1822,0.1656,0.1950,0.1844,0.1750,0.1917,0.1687,0.1790,0.1935,0.1859,0.2480,0.2262,0.6207,0.6438,0.6896,0.7014,0.7658,0.7517,0.6500,0.6462,0.4990,0.4495,0.3166,0.2840,0.1968,0.1826,A,,,20250101120000,
300,20250404,0.1256,0.1136,0.1134,0.1098,0.0999,0.1126,0.1117,0.1008,0.1161,0.1071,0.1321,0.1336,0.2291,0.2226,0.3491,0.3417,0.2887,0.2693,0.1676,0.1512,0.1439,0.1483,0.1495,0.1427,0.1551,0.1637,0.1483,0.1599,0.1480,0.1442,0.1622,0.1567,0.1979,0.2006,0.4996,0.5631,0.6165,0.5526,0.6515,0.6238,0.5719,0.5175,0.4101,0.3869,0.2604,0.2444,0.1599,0.1590,A,,,20250101120000,
300,20250405,0.1560,0.1569,0.1509,0.1369,0.1295,0.1396,0.1286,0.1342,0.1333,0.1483,0.1541,0.1587,0.2049,0.2018,0.2894,0.3051,0.4037,0.3785,0.3414,0.3782,0.3349,0.3535,0.3229,0.3342,0.3511,0.3372,0.3130,0.3441,0.3034,0.3224,0.3072,0.3186,0.3333,0.3550,0.5908,0.6295,0.6879,0.7201,0.7314,0.7392,0.6348,0.6481,0.4659,0.5041,0.3115,0.3456,0.2064,0.2316,A,,,20250101120000,
300,20250406,0.1306,0.1339,0.1270,0.1164,0.1176,0.1099,0.1129,0.1093,0.1158,0.1223,0.1345,0.1300,0.1711,0.1727,0.2391,0.2635,0.3265,0.3348,0.3123,0.2961,0.2966,0.2854,0.2931,0.2624,0.2863,0.2957,0.2938,0.2617,0.2526,0.2764,0.2658,0.2633,0.2842,0.2977,0.5165,0.5151,0.6306,0.5598,0.6151,0.6281,0.5635,0.5211,0.3932,0.4268,0.2722,0.2833,0.1814,0.1889,A,,,20250101120000,
300,20250407,0.1422,0.1263,0.1194,0.1312,0.1258,0.1129,0.1155,0.1231,0.1307,0.1199,0.1515,0.1468,0.2470,0.2602,0.3822,0.3935,0.3141,0.3124,0.1887,0.1693,0.1559,0.1723,0.1672,0.1610,0.1892,0.1688,0.1633,0.1828,0.1596,0.1686,0.1775,0.1805,0.2230,0.2245,0.6222,0.5711,0.6410,0.6717,0.7067,0.7254,0.5793,0.6439,0.4450,0.4500,0.2946,0.2723,0.1762,0.1818,A,,,20250101120000,
300,20250408,0.1368,0.1328,0.1285,0.1232,0.1221,0.1176,0.1247,0.1150,0.1248,0.1269,0.1425,0.1571,0.2676,0.2418,0.4007,0.3784,0.3292,0.3000,0.1727,0.1868,0.1563,0.1733,0.1555,0.1741,0.1691,0.1905,0.1663,0.1813,0.1560,0.1736,0.1849,0.1747,0.2208,0.2286,0.6015,0.5971,0.6542,0.6642,0.7399,0.6984,0.6505,0.5780,0.4322,0.4667,0.2958,0.2735,0.1699,0.1897,A,,,20250101120000,
300,20250409,0.1321,0.1358,0.1193,0.1307,0.1242,0.1139,0.1261,0.1120,0.1198,0.1303,0.1471,0.1506,0.2473,0.2588,0.3887,0.3854,0.3078,0.3174,0.1821,0.1751,0.1548,0.1727,0.1654,0.1621,0.1756,0.1817,0.1657,0.1796,0.1617,0.1658,0.1825,0.1747,0.2187,0.2279,0.5797,0.6111,0.6750,0.6349,0.7025,0.7265,0.5928,0.6278,0.4425,0.4506,0.2753,0.2903,0.1770,0.1803,A,,,20250101120000,
300,20250410,0.1217,0.1238,0.1175,0.1116,0.1060,0.1122,0.1055,0.1127,0.1185,0.1106,0.1409,0.1319,0.2246,0.2391,0.3545,0.3547,0.3026,0.2701,0.1628,0.1645,0.1544,0.1457,0.1462,0.1539,0.1731,0.1542,0.1636,0.1528,0.1475,0.1525,0.1555,0.1718,0.1972,0.2119,0.5346,0.5564,0.6068,0.5932,0.6686,0.6406,0.5579,0.5604,0.3996,0.4186,0.2714,0.2468,0.1735,0.1538,A,,,20250101120000,
300,20250411,0.1360,0.1447,0.1301,0.1318,0.1203,0.1292,0.1244,0.1251,0.1364,0.1255,0.1592,0.1527,0.2563,0.2738,0.4125,0.3983,0.3225,0.3324,0.1975,0.1767,0.1763,0.1667,0.1624,0.1807,0.1904,0.1839,0.1725,0.1893,0.1733,0.1697,0.1896,0.1847,0.2219,0.2459,0.6282,0.6193,0.6838,0.6884,0.7186,0.7783,0.6617,0.6170,0.4418,0.4938,0.2897,0.3028,0.1841,0.1901,A,,,20250101120000,
300,20250412,0.1627,0.1528,0.1444,0.1458,0.1327,0.1386,0.1259,0.1390,0.1477,0.1362,0.1617,0.1538,0.2031,0.2070,0.2875,0.3118,0.3914,0.3972,0.3606,0.3649,0.3652,0.3288,0.3178,0.3446,0.3376,0.3564,0.3223,0.3402,0.3287,0.3022,0.3249,0.3060,0.3340,0.3600,0.6441,0.5861,0.6957,0.7238,0.7752,0.7074,0.6210,0.6723,0.4699,0.5079,0.3252,0.3373,0.2288,0.2128,A,,,20250101120000,
300,20250413,0.1502,0.1599,0.1359,0.1494,0.1269,0.1399,0.1315,0.1290,0.1379,0.1413,0.1498,0.1604,0.1982,0.2050,0.2880,0.3014,0.3840,0.3914,0.3413,0.3721,0.3271,0.3553,0.3201,0.3312,0.3419,0.3404,0.3136,0.3378,0.3184,0.3019,0.3173,0.3031,0.3347,0.3477,0.5722,0.6375,0.6596,0.7362,0.7167,0.7411,0.6410,0.6307,0.4529,0.5087,0.3305,0.3209,0.2296,0.2046,A,,,20250101120000,
300,20250414,0.1222,0.1217,0.1123,0.1153,0.1089,0.1078,0.1095,0.1073,0.1154,0.1122,0.1291,0.1418,0.2325,0.2281,0.3437,0.3607,0.3004,0.2686,0.1717,0.1534,0.1456,0.1524,0.1457,0.1523,0.1585,0.1666,0.1582,0.1561,0.1442,0.1538,0.1713,0.1538,0.1935,0.2129,0.5592,0.5246,0.6142,0.5779,0.6377,0.6628,0.5293,0.5816,0.4151,0.3977,0.2495,0.2653,0.1692,0.1559,A,,,20250101120000,
300,20250415,0.1280,0.1223,0.1236,0.1100,0.1154,0.1072,0.1107,0.1119,0.1122,0.1215,0.1370,0.1411,0.2311,0.2418,0.3651,0.3582,0.3025,0.2816,0.1732,0.1606,0.1605,0.1455,0.1563,0.1497,0.1657,0.1682,0.1609,0.1618,0.1444,0.1616,0.1668,0.1670,0.1999,0.2174,0.5754,0.5373,0.5788,0.6452,0.6693,0.6659,0.5821,0.5584,0.4232,0.4113,0.2587,0.2698,0.1572,0.1767,A,,,20250101120000,
300,20250416,0.1234,0.1236,0.1116,0.1190,0.1118,0.1077,0.1076,0.1120,0.1190,0.1116,0.1398,0.1346,0.2205,0.2461,0.3657,0.3479,0.2792,0.2971,0.1568,0.1725,0.1475,0.1544,0.1576,0.1443,0.1703,0.1591,0.1599,0.1585,0.1420,0.1599,0.1662,0.1631,0.2026,0.2090,0.5173,0.5805,0.6210,0.5866,0.6914,0.6260,0.5761,0.5491,0.3892,0.4342,0.2464,0.2750,0.1590,0.1703,A,,,20250101120000,
300,20250417,0.1442,0.1412,0.1326,0.1337,0.1224,0.1313,0.1210,0.1327,0.1319,0.1345,0.1616,0.1555,0.2541,0.2850,0.4051,0.4194,0.3212,0.3447,0.1833,0.1972,0.1703,0.1785,0.1666,0.1822,0.1843,0.1962,0.1839,0.1839,0.1797,0.1691,0.1847,0.1959,0.2369,0.2388,0.6383,0.6301,0.7208,0.6745,0.7756,0.7466,0.6619,0.6383,0.4843,0.4670,0.3071,0.2954,0.1906,0.1900,A,,,20250101120000,
300,20250418,0.1344,0.1253,0.1212,0.1212,0.1098,0.1210,0.1123,0.1185,0.1271,0.1153,0.1505,0.1380,0.2528,0.2377,0.3973,0.3528,0.2916,0.3143,0.1773,0.1689,0.1659,0.1515,0.1585,0.1589,0.1723,0.1739,0.1652,0.1695,0.1566,0.1608,0.1800,0.1663,0.2176,0.2152,0.5475,0.6066,0.6503,0.6193,0.6981,0.6869,0.6051,0.5778,0.4546,0.4110,0.2625,0.2857,0.1701,0.1761,A,,,20250101120000,
300,20250419,0.1351,0.1299,0.1230,0.1208,0.1109,0.1170,0.1085,0.1141,0.1180,0.1204,0.1403,0.1247,0.1676,0.1769,0.2426,0.2609,0.3122,0.3503,0.3197,0.2898,0.3062,0.2768,0.2922,0.2642,0.2912,0.2918,0.2765,0.2800,0.2616,0.2683,0.2533,0.2767,0.2919,0.2911,0.4982,0.5353,0.5849,0.6075,0.6236,0.6218,0.5492,0.5373,0.3961,0.4253,0.2737,0.2827,0.1963,0.1747,A,,,20250101120000,
300,20250420,0.1484,0.1440,0.1382,0.1307,0.1330,0.1184,0.1277,0.1179,0.1378,0.1253,0.1457,0.1467,0.1954,0.1846,0.2676,0.2878,0.3672,0.3636,0.3207,0.3516,0.3114,0.3316,0.3158,0.2980,0.3079,0.3352,0.2918,0.3220,0.2802,0.3044,0.3004,0.2842,0.3147,0.3283,0.5609,0.5790,0.6557,0.6596,0.6568,0.7170,0.5687,0.6297,0.4332,0.4729,0.3003,0.3135,0.2101,0.1991,A,,,20250101120000,
300,20250421,0.1405,0.1410,0.1247,0.1381,0.1197,0.1306,0.1320,0.1183,0.1321,0.1307,0.1608,0.1520,0.2627,0.2692,0.4277,0.3857,0.3229,0.3341,0.1854,0.1901,0.1724,0.1717,0.1624,0.1817,0.1815,0.1939,0.1781,0.1848,0.1792,0.1649,0.1880,0.1874,0.2207,0.2486,0.5888,0.6627,0.6877,0.6889,0.7876,0.7141,0.6343,0.6484,0.4776,0.4610,0.2854,0.3090,0.1929,0.1825,A,,,20250101120000,
300,20250422,0.1288,0.1293,0.1180,0.1228,0.1079,0.1215,0.1144,0.1150,0.1265,0.1143,0.1374,0.1493,0.2519,0.2356,0.3805,0.3650,0.3163,0.2859,0.1775,0.1666,0.1655,0.1499,0.1526,0.1628,0.1696,0.1745,0.1659,0.1668,0.1485,0.1669,0.1638,0.1803,0.2173,0.2129,0.5942,0.5528,0.6341,0.6277,0.6586,0.7179,0.6075,0.5682,0.4219,0.4384,0.2763,0.2686,0.1724,0.1717,A,,,20250101120000,
300,20250423,0.1220,0.1241,0.1205,0.1092,0.1070,0.1118,0.1100,0.1088,0.1124,0.1173,0.1385,0.1350,0.2190,0.2459,0.3551,0.3560,0.2908,0.2835,0.1595,0.1686,0.1519,0.1489,0.1433,0.1576,0.1607,0.1675,0.1503,0.1669,0.1561,0.1447,0.1735,0.1547,0.2101,0.2001,0.5286,0.5653,0.6033,0.6000,0.6337,0.6790,0.5649,0.5564,0.3907,0.4297,0.2477,0.2719,0.1721,0.1561,A,,,20250101120000,
300,20250424,0.1192,0.1300,0.1094,0.1232,0.1110,0.1105,0.1151,0.1065,0.1113,0.1213,0.1388,0.1381,0.2293,0.2414,0.3789,0.3410,0.2884,0.2931,0.1724,0.1599,0.1538,0.1508,0.1514,0.1532,0.1584,0.1739,0.1528,0.1684,0.1449,0.1597,0.1588,0.1734,0.2119,0.2035,0.5326,0.5750,0.6203,0.5981,0.6906,0.6385,0.5709,0.5644,0.4318,0.3989,0.2729,0.2532,0.1733,0.1590,A,,,20250101120000,
300,20250425,0.1261,0.1391,0.1215,0.1261,0.1230,0.1127,0.1144,0.1214,0.1164,0.1312,0.1537,0.1410,0.2405,0.2605,0.3960,0.3702,0.3040,0.3148,0.1805,0.1731,0.1683,0.1559,0.1532,0.1710,0.1723,0.1813,0.1613,0.1806,0.1573,0.1669,0.1822,0.1714,0.2116,0.2305,0.5774,0.6014,0.6674,0.6293,0.6844,0.7301,0.6049,0.6034,0.4466,0.4375,0.2925,0.2675,0.1856,0.1681,A,,,20250101120000,
300,20250426,0.1285,0.1408,0.1263,0.1215,0.1206,0.1110,0.1165,0.1097,0.1260,0.1163,0.1398,0.1295,0.1782,0.1719,0.2503,0.2614,0.3398,0.3335,0.3001,0.3193,0.2807,0.3118,0.2990,0.2665,0.3092,0.2833,0.2825,0.2831,0.2805,0.2581,0.2652,0.2735,0.3063,0.2862,0.5261,0.5242,0.6414,0.5705,0.6354,0.6304,0.5199,0.5843,0.4411,0.3938,0.2708,0.2947,0.1779,0.1991,A,,,20250101120000,
300,20250427,0.1411,0.1571,0.1395,0.1349,0.1291,0.1274,0.1295,0.1211,0.1333,0.1351,0.1480,0.1502,0.1994,0.1883,0.2688,0.2978,0.3545,0.3911,0.3233,0.3626,0.3098,0.3463,0.3292,0.2971,0.3212,0.3349,0.3084,0.3179,0.2961,0.3003,0.2909,0.3056,0.3093,0.3468,0.5928,0.5703,0.6999,0.6421,0.6822,0.7195,0.6279,0.5949,0.4704,0.4541,0.2978,0.3285,0.2098,0.2078,A,,,20250101120000,
300,20250428,0.1236,0.1200,0.1164,0.1109,0.1051,0.1115,0.1073,0.1093,0.1203,0.1071,0.1303,0.1403,0.2415,0.2187,0.3490,0.3548,0.2889,0.2796,0.1649,0.1599,0.1522,0.1456,0.1412,0.1566,0.1556,0.1693,0.1609,0.1531,0.1423,0.1555,0.1608,0.1640,0.2046,0.2014,0.5221,0.5607,0.5942,0.5969,0.6407,0.6586,0.5877,0.5222,0.4157,0.3964,0.2581,0.2562,0.1530,0.1719,A,,,20250101120000,
300,20250429,0.1272,0.1240,0.1127,0.1218,0.1152,0.1080,0.1123,0.1110,0.1159,0.1185,0.1446,0.1344,0.2456,0.2288,0.3588,0.3667,0.2948,0.2912,0.1610,0.1738,0.1613,0.1456,0.1586,0.1483,0.1613,0.1735,0.1703,0.1534,0.1620,0.1450,0.1751,0.1598,0.2161,0.2025,0.5252,0.5910,0.5823,0.6455,0.6422,0.6973,0.5634,0.5807,0.4034,0.4337,0.2682,0.2620,0.1666,0.1683,A,,,20250101120000,
300,20250430,0.1249,0.1164,0.1060,0.1192,0.1062,0.1083,0.1130,0.1015,0.1086,0.1165,0.1341,0.1339,0.2226,0.2332,0.3463,0.3507,0.2671,0.2959,0.1609,0.1608,0.1448,0.1501,0.1544,0.1405,0.1600,0.1617,0.1546,0.1564,0.1476,0.1472,0.1614,0.1603,0.1966,0.2055,0.5450,0.5273,0.6133,0.5662,0.6318,0.6549,0.5357,0.5634,0.3795,0.4247,0.2514,0.2580,0.1694,0.1523,A,,,20250101120000,
900
